KPMG,KPMG
MWC,MWC
5G,5G
4G,4G
B2B,B2B
B2C,B2C
COVID-19,COVID-19
US$,US$
5G+Edge,5G+Edge
4G+Cloud,4G+Cloud
edge computing,Edge Computing
US$4.3 trillion,"4,3 Billionen US-Dollar"
"US$ 4.3 trillion","4,3 Billionen US-Dollar"
"$4.3 trillion","4,3 Billionen Dollar"
"4.3 trillion","4,3 Billionen"
"4.3 trillion upside","4,3 Billionen Upside"
trillion,Billionen
billion,Milliarden
telcos,Telekommunikationsunternehmen
value chains,Wertschöpfungsketten
revenue models,Erlösmodelle
manufacturing,Fertigung
business challenges,geschäftliche Herausforderungen
economic recovery,wirtschaftliche Erholung
telecommunications,Telekommunikation
ecosystems,Ökosysteme
enterprise,Unternehmen
digitization,Digitalisierung
infrastructure,Infrastruktur
monetization,Monetarisierung
connectivity,Konnektivität
low latency,geringe Latenz
high bandwidth,hohe Bandbreite
network slicing,Network Slicing
cloud-native,Cloud-native
edge node,Edge-Knoten
